{"appName":"Smart Cash Counter","appIconPath":"1766912222768.jpg","splashPath":"1766912222768.jpg","packageName":"com.mycomapny.mywebapp","versionName":"1.0.0","versionCode":1,"isFullscreen":false,"isHideTitleBar":false,"titleBarBackgroundColor":"#3F51B5","isAllowLongClick":true,"isShowLoadingUI":true,"isAllowZoom":true,"isPCMode":false,"isAllowAutoplay":false,"homePage":"index.html","withPHPEnv":false,"PHPPort":57249,"isAllowSwipeRefresh":true,"isAllowCamera":false,"isAllowMicrophone":false,"screenRotationMethod":0}